title,rating_key (id),file_size,play_count,last_played
Supfam 3 Spotlight UwdtGhWom3dZ6UNmZr1UVNwxZ5H2,11,46615,0,0
Spotlight No. 3,2,761980,0,0
SmallerVideo,6,89483070,1,1702562763
ROcbllwfqdY07PxlfVeBSNixv3Y2 Backup,10,18524702,0,0
ROcbllwfqdY07PxlfVeBSNixv3Y2,9,3750298,0,0
The Phone Movie,7,3156867,0,0
Most Balls Made 30 Seconds,8,459103,0,0
BTChallengeTraining,5,40971062,0,0
6 Spotlight GzBvFNhQaFdJFRzIcyzL2NdMnLv2,4,4061755,0,0
3OIfgq1pXxZa22eyyI3r3wMtPpg1,1,4388434,0,0
3 Spotlight UwdtGhWom3dZ6UNmZr1UVNwxZ5H2,3,3783098,0,0
