title,rating_key (id),file_size,play_count,last_played (Days ago)
Supfam 3 Spotlight UwdtGhWom3dZ6UNmZr1UVNwxZ5H2,11,46615,0,Never Played
Spotlight No. 3,2,761980,0,Never Played
SmallerVideo,6,89483070,1,30
ROcbllwfqdY07PxlfVeBSNixv3Y2 Backup,10,18524702,0,Never Played
ROcbllwfqdY07PxlfVeBSNixv3Y2,9,3750298,0,Never Played
The Phone Movie,7,3156867,0,Never Played
Most Balls Made 30 Seconds,8,459103,0,Never Played
BTChallengeTraining,5,40971062,0,Never Played
6 Spotlight GzBvFNhQaFdJFRzIcyzL2NdMnLv2,4,4061755,0,Never Played
3OIfgq1pXxZa22eyyI3r3wMtPpg1,1,4388434,0,Never Played
3 Spotlight UwdtGhWom3dZ6UNmZr1UVNwxZ5H2,3,3783098,0,Never Played
John Adams - Season 1,20,517718,0,0
John Adams - Season 2,22,3400903,0,Never Played
